titulo,pagina,texto,n_palavras
**Secretaria de Saúde do Distrito Federal**,1,"Carta de Serviços Ao Cidadão **2026** 













**<u>OUVIDORIA LEI DE ACESSO À INFORMAÇÃO</u> – LAI** **<u>E-PROTOCOLO</u>** 

**<u>ATENDIMENTO EM UNIDADE BÁSICA DE SAÚDE (UBS) ATENDIMENTO EM POLICLÍNICAS CENTROS ESPECIALIZADOS SAÚDE MENTAL - (CAPS)</u>** 



**<u>PROTOCOLO DA SES/DF SISTEMA DE PETICIONAMENTO ELETRÔNICO - SISPE</u>** 

**<u>SAMU-DF 192</u>** 





















**<u>ATENDIMENTO EM UNIDADES DE PRONTO ATENDIMENTO (UPAS)</u>** 

**<u>ATENDIMENTO EM HOSPITAIS</u>** 



**<u>FARMÁCIAS E MEDICAMENTOS</u>** 

**<u>BANCO DE LEITE HUMANO</u>** 

**<u>ATENÇÃO DOMICILIAR</u>** 



**<u>CUIDADOS PALIATIVOS</u>** 

**<u>DOAÇÃO E TRANSPLANTE DE ÓRGÃOS</u>** 





**<u>TERAPIA RENAL SUBSTITUTIVA</u>** 

**<u>VIGILÂNCIA EM SAÚDE</u>** 

**<u>ÓRTESE E PRÓTESE</u>** 

**<u>ATENDIMENTO EM LIBRAS</u>**",80
**DESCRIÇÃO**,4,"É um espaço destinado para você! Utilize o seu direito de colaborar com o Governo do DF, registrando a sua sugestão, reclamação, elogio, denúncia ou solicitação de informações de caráter geral sobre serviços da administração pública.",36
**SERVIÇOS**,4,"Lei de Acesso à Informação ( LAI). Registros de sugestão, solicitação, reclamação, elogio, denúncia e informações de caráter geral.",19
**OUVIDORIA**,4,,0
**DOCUMENTOS NECESSÁRIOS**,4,CPF. Cartão Nacional do SUS (Cartão SUS).,7
**ACESSO**,4,"Central 162, ou 

- Site <u>www.participa.df.gov.br,</u> ou",7
**QR CODE**,4,"- Presencialmente em quaisquer ouvidorias do Governo do Distrito Federal: de segunda a sexta, das 9h às 12h e das 14h às 17h na Secretaria de Saúde.",27
**LEI DE ACESSO À INFORMAÇÃO – LAI**,5,,0
**DESCRIÇÃO**,5,"<!-- Start of picture text -->
Site<br><!-- End of picture text -->",12
**ACESSO**,5,"- **Qualquer pessoa** , física ou jurídica, tem **o direito** de **acessar informações** produzidas ou armazenadas pelo estado. 

Site <u>www.participa.df.gov.br, ou</u> Presencialmente em quaisquer ouvidorias do Governo do Distrito Federal: de segunda a sexta, das 9h às 12h e das 14h às 17h na Secretaria de Saúde. 

- O cidadão poderá requerer acesso a informações dos órgãos e entidades do Governo do Distrito Federal, desde que não sejam protegidas por alguma legislação de sigilo.",74
**PRAZO DE RESPOSTA**,5,,0
**DOCUMENTOS NECESSÁRIOS**,5,"CPF. Cartão Nacional do SUS (Cartão SUS). 

O prazo de resposta é de 20 dias a contar do dia de registro. Esse prazo pode ser prorrogado por mais 10 dias, mediante justificativa.",32
**QR CODE**,5,,0
**LEI DE ACESSO À INFORMAÇÃO – LAI**,6,,0
**DESCRIÇÃO**,6,,0
**ETAPAS**,6,"- Fazer o cadastro na plataforma Participa DF; Realizar o login com CPF e senha; 

No Pedido de Acesso à Informação não há registro anônimo e por isso, tanto as pessoas como as empresas precisam registrar seu pedido utilizando CPF ou CNPJ e senha de login na Plataforma Participa DF. É possível solicitar a proteção da identidade, onde os dados pessoais serão ocultados do pedido. 

- Clicar em “Acessar aqui” do ícone “Acesso à Informação” e iniciar o seu registro. **Recomendações para o registro:** 

- Seja claro e objetivo, delimitando o período e o tipo de informação que deseja. Faça um pedido para cada informação desejada, principalmente se forem muito diferentes.",111
**COMO ACOMPANHAR**,6,"Faça o login com CPF ou CNPJ e senha no  Participa DF. No menu “Acesso à Informação”, na barra de menus, clique em “Meus registros”. 

- Informações pessoais, suas ou de terceiros, não devem ser inseridas na descrição do pedido, a não ser que sejam essenciais para a sua 





caracterização.",50
**E-PROTOCOLO**,7,"<!-- Start of picture text -->
O<br><!-- End of picture text -->",12
**DESCRIÇÃO**,7,"O e-Protocolo é o Protocolo Eletrônico do GDF, um sistema que permite que os usuários/cidadão enviem documentos para os órgãos e entidades do GDF de forma eletrônica, o dispensando comparecimento presencial e o pagamento de taxas para o envio da documentação por meio postal. O Sistema é pode ser acessado por meio do link <u>https://sistemas.df.gov.br/</u> ou <u>Protocolo/Login</u> diretamente pelo site oficial da SES-DF: <u>https://www.saude.df.gov. br/</u> no ícone do e- Protocolo, localizado ao final da página.",75
**HORÁRIO DE ATENDIMENTO**,7,"- **Virtual** : O e-Protocolo estará disponível 24 horas por dia. 

- É integrado ao Sistema Eletrônico de Informações (SEI-GDF) e disponível 24 horas por dia, garantindo rapidez, autenticidade e segurança.",31
**PRIORIDADE NO ATENDIMENTO**,7,- Pessoa idosa; Pessoa com deficiência; Pessoa portadora de doença grave; Criança e adolescente; Vítima de violência doméstica ou familiar.,20
**QR CODE**,7,,0
**E-PROTOCOLO**,8,,0
**ETAPAS**,8,"Após acessar o sistema, clicar em Novo Protocolo e então os preencher campos necessários para protocolar a demanda. – Selecionar o órgão SES Secretaria de Estado de Saúde do DF e posteriormente os preenche campos necessários referente a demanda que deseja protocolar e anexar os documentos para atendimento da solicitação. Após o envio dos documentos pelo e-Protocolo o sistema gera um número de protocolo automático, que será analisado pela Gerência de Protocolo da SES/DF, no prazo de até 24horas do salvo se a protocolo, demanda for protocolada fora do horário de expediente do órgão, à sextas-feiras, feriados e pontos facultativos, devendo está ser analisada no próximo dia útil.",108
**COMO ACOMPANHAR**,8,"- Por meio do e-Protocolo, o cidadão poderá acompanhar o andamento do processo, podendo ainda ser solicitado adicional ou 

- documentação outras informações para prosseguimento do protocolo, ou ainda conter no andamento a informação do não prosseguimento do protocolo. O protocolo Apto, apresentará o número de processo SEI-GDF gerado e o acompanhamento deste processo poderá ser realizado por meio da pesquisa pública do Portal SEI-GDF (www.portalsei.df.gov.br). 

- Esse sistema não substitui: 

Sistema de Peticionamento Eletrônico em tipos de processos específicos; Serviços de Informações ao Cidadão SIC (Acesso à informação); Ouvidoria; Participa DF; Sistemas de atividade fim utilizadas pelos órgãos e entidades do GDF para abertura e atendimento de demandas que lhe são próprias.",113
**PROTOCOLO DA SES/DF**,9,,0
**DESCRIÇÃO**,9,"- O cidadão poderá protocolar diretamente na SES/DF, por intermédio da Gerência de Protocolo, o documento físico (Requerimento, Carta, Ofício).",20
**ETAPAS**,9,"- Conferência e recebimento do documentos devidamente assinado; Abertura de processo SEIGDF para encaminhamento da demanda protocolada. 

- O acompanhamento do andamento do processo SEIGDF gerado para envio da demanda ser poderá 

- realizado meio da por 

- pesquisa pública do Portal SEI-GDF 

- (www.portalsei.df.gov.br).",45
**HORÁRIO DE ATENDIMENTO**,9,- **Presencial** : de segunda a sexta das 8h às 12h e das 14h às 18h - Edifício PO 700 – (1º andar),23
**PRIORIDADE NO ATENDIMENTO**,9,"- Atendimento preferencial para as pessoas com deficiência; gestantes; lactantes; pessoas idosas (acima de 60 anos) e obesos. 

- Lei nº 10.048, de 8/11/2000, clique aqui.",26
**QR CODE**,9,,0
**SISTEMA DE PETICIONAMENTO ELETRÔNICO - SISPE**,10,"Plataforma online que permite aos cidadãos e empresas enviarem documentos e petições de tipos de processos específicos aos órgãos públicos do Distrito federal de forma eletrônica, sem a necessidade de comparecimento presencial. Alternativa mais rápida, segura e menos burocrática para interagir com a administração pública. 



Para acesso ao SISPE é necessário que o usuário entre no link <u>https://sistemas.df.gov.br/spe/</u> e realize o login com a sua conta gov.br",67
**QR CODE**,10,,0
**ATENDIMENTO EM UNIDADE BÁSICA DE SAÚDE  (UBS)**,11,,0
**DESCRIÇÃO**,11,As Unidades Básicas de Saúde (UBS) são locais de atendimento primário de saúde que cuidam de você e de sua família com base no seu endereço.,26
**SERVIÇOS**,11,"- Cada UBS tem: 

- Equipe Multiprofissionais Que pode conter: Médico da família, Enfermeiro, Odonto, Nutricionista, Psicólogo, Agente comunitário de saúde, técnico em saúde, Fisioterapeuta, etc. Verifique os serviços disponíveis na sua UBS de <u>referência.</u>",35
**HORÁRIO DE ATENDIMENTO**,11,Verifique aqui o horário de funcionamento da sua UBS de referência clicando <u>aqui.</u>,13
**ACESSO**,11,"Qualquer pessoa pode ser atendida em uma UBS. CPF, ou 

- Cartão Nacional do SUS (Cartão SUS), ou Documento com foto para gerar cartão SUS. _Mantenha seu cadastro atualizado, para facilitar contato._",32
**QR CODE**,11,,0
**SERVIÇOS DA UNIDADE BÁSICA DE SAÚDE  (UBS)**,12,,0
**SERVIÇOS**,12,"- **Acolhimento à** **<u>demanda espontânea.</u>** 

- **Saúde da Criança e Adolescente:** 

- Puericultura; 

- Saúde do Adolescente; 

- Doenças e Agravos mais comuns na criança e adolescente; Promoção da saúde e prevenção de doenças; Atenção Integral à Saúde. **Saúde da Mulher. Saúde do Homem. Saúde do Idoso. Planejamento Sexual e Reprodutivo.** 

- **Ações de Rastreamento. Promoção da Saúde e Prevenção de Doenças. Ações Tansversais em Vigilância em Saúde. Saúde Mental.** 

- **Condições Agudas/Crônicas Transmissíveis. Condições Crônicas nãotransmissíveis.** **<u>Populações em situação de vulnerabilidade:</u>** 

- População em Situação de Rua; 

- População LGBTQIA+; População Negra; População Indígena; População Cigana; 

- População do Campo; e 

- População Migrante Refugiada; População Beneficiária do Programa Bolsa Família; **Saúde Prisional. Práticas Integrativas em Saúde (PIS). Saúde da gestante e puérpera.**",124
**Saúde Bucal.**,12,"- **Saúde da gestante e puérpera. Triagem Neonatal. Imunização (Vacinação).** Centro de Referência para 

- Imunobiológicos Especiais (CRIE), clique <u>aqui.</u> Local de vacinação aqui. **Suplementação. E outros.**",27
**ATENDIMENTO EM POLICLÍNICAS**,13,,0
**DESCRIÇÃO**,13,"- As Policlínicas são locais que oferecem atendimento ambulatorial especializado e atuam como suporte às Unidades Básicas de Saúde (UBS) em casos que não são de e urgência 

- emergência.",30
**SERVIÇOS**,13,"- Cardiologia 

- Dermatologia Endocrinologia 

- Geriatria 

- Otorrinolaringologia Oftalmologia Psiquiatria 

- Pneumologia Ortopedia e outras. Consulte os serviços e locais de atendimento das Policlinícas clicando aqui.",27
**DOCUMENTOS NECESSÁRIOS**,13,"- CPF. 

- Cartão Nacional do SUS (Cartão SUS). Chave de regulação. Guia de encaminhamento. _Atualize o cadastro na_ _<u>UBS de referência</u> para facilitar contato_ .",26
**ACESSO**,13,"- Após o encaminhamento pelo serviço de saúde, você deve aguardar o contato do Complexo Regulador informando data, hora e local da consulta. Logo, é fundamental manter os dados atualizados. Você pode acompanhar a posição na fila aqui.",38
**QR CODE**,13,,0
**CENTROS ESPECIALIZADOS**,14,,0
**DESCRIÇÃO**,14,"São unidades que oferecem apoio à população em especialidades específicas, desde o acompanhamento à Saúde da Mulher, à atenção para situações de violência, à obesidade até reabilitação.",27
**SERVIÇOS**,14,"Centros de especialidades para atenção às pessoas em situação de violência sexual, familiar e doméstica (CEPAV), clique <u>aqui.</u> 

- Centros de especialidades odontológicas, clique <u>aqui.</u> Casa de parto de São Sebastião, clique aqui.",33
**DOCUMENTOS NECESSÁRIOS**,14,"- CPF, ou Cartão Nacional do SUS (Cartão SUS), ou Documento com foto para gerar cartão SUS.",17
**ACESSO**,14,Para a maioria dos Centros Especializados é necessário o encaminhamento da <u>UBS de referência</u> (consulte a sua UBS clicando <u>aqui.</u>,20
**QR CODE**,14,,0
**MAIS SERVIÇOS DOS CENTROS DE REFERÊNCIA AQUI!**,15,"Centro especializado em obesidade, diabetes e hipertensão (CEDOH), clique aqui. Centro de atenção ao diabetes e hipertensão adulto (CADH) e infantil (CADHIN), clique <u>aqui.</u> Centro especializado em saúde da mulher (CESMU), clique aqui. Ambulatório de diversidade de gênero (ambulatório TRANS), clique <u>aqui.</u> Centros especializados em reabilitação, clique <u>aqui.</u> Centro especializado em doenças infecciosas (CEDIN), clique <u>aqui.</u> Centro de referência em saúde do trabalhador (CEREST), clique <u>aqui.</u> Centro de referência para imunobiológicos especiais (CRIE), clique <u>aqui.</u> 

É necessário encaminhamento da <u>Unidade Básica de Saúde</u> (UBS). Para saber mais sobre os Centros de Referência clique aqui.",94
**SAÚDE MENTAL - (CAPS)**,16,,0
**DESCRIÇÃO**,16,"Os **Centro de Atenção Psicossocial** (CAPS) atendem pessoas com sofrimento mental grave, incluindo questões relacionadas ao uso de álcool e outras drogas, seja em situações de crise ou processos de reabilitação psicossocial.",32
**DOCUMENTOS NECESSÁRIOS**,16,CPF. Cartão Nacional do SUS (Cartão SUS). Para pessoas em situação de rua esses documentos não são exigidos.,18
**ACESSO**,16,"Funcionamento em regime de porta aberta, sem necessidade de agendamento ou encaminhamento. CAPS I, CAPS II, CAPS AD II e CAPS i: segunda a sexta, das **7h às 18h** . CAPS III e CAPS AD III: **24 horas** .",39
**SERVIÇOS**,17,"CAPSi: atende crianças e adolescentes com sofrimento mental grave e persistente, até 18 anos, incluindo aquele relacionado ao uso de álcool e outras drogas, até 16 anos. 

- CAPS I: atende todas as idades com sofrimento mental grave, incluindo questões relacionadas ao uso de substâncias. 

- CAPS II e o CAPS III: atende adultos acima de 18 anos que apresentam sofrimento mental grave e persistente. 

- CAPS AD II e o CAPS AD III: a partir de 16 anos que apresentam sofrimento mental grave decorrente de uso nocivo de álcool e outras drogas Para saber mais clique aqui. 





**QR CODE**",100
**SAMU-DF 192**,18,,0
**DESCRIÇÃO**,18,"Serviço de Atendimento Móvel de Urgência – SAMU 192 é o atendimento préhospitalar em casos de Urgências. 



**SERVIÇOS** 

Funciona 24h e realiza o atendimento de urgência e emergência em qualquer lugar: residências, locais de trabalho e vias públicas.",38
**DOCUMENTOS NECESSÁRIOS**,18,Qualquer pessoa pode ser atendida pelo SAMU.,7
**ACESSO**,18,Central telefônica 192.,3
**QR CODE**,18,"E quando chamar o SAMU, descubra <u>aqui.</u>",7
**ATENDIMENTO EM UNIDADES DE PRONTO ATENDIMENTO (UPAS)**,19,,0
**DESCRIÇÃO**,19,"As Unidades de Pronto Atendimento (UPAS) são locais oferecem que atendimento de urgência e emergência 24 horas. 



**SERVIÇOS**",18
**DOCUMENTOS NECESSÁRIOS**,19,Documento de identificação. Cartão Nacional do SUS (Cartão SUS).,9
**ACESSO**,19,"Clínica Médica Pediatria Para saber mais clique _<u>aqui.</u>_ 

Qualquer pessoa pode ser atendida em uma UPA. 

Para saber mais clique _<u>aqui.</u>_",21
**QR CODE**,19,,0
**ATENDIMENTO EM UNIDADES DE PRONTO ATENDIMENTO (UPAS)**,20,"**UPA QR CODE UPA QR CODE Brazlândia Riacho Fundo II Ceilândia Samambaia Ceilândia II São Sebastião Gama Sobradinho Núcleo Vicente Pires Bandeirante Paranoá Planaltina Recanto das Emas** 

Para saber mais, clique nos nomes dos hospitais!",35
**ATENDIMENTO EM HOSPITAIS**,21,,0
**DESCRIÇÃO**,21,"Os hospitais do Distrito Federal são locais que oferecem atendimento de urgência e emergência 24 horas, internação e cirurgia.",19
**SERVIÇOS**,21,,0
**DOCUMENTOS NECESSÁRIOS**,21,"CPF, ou Cartão Nacional do SUS (Cartão SUS).",8
**ACESSO**,21,"Qualquer pessoa pode ser atendida em um Hospital. 

- Atendimentos de **Urgências e Emergências.** Ambulatórios Médicos; Anatomia Patológica; Banco de sangue; Cirurgia; Diagnóstico por Imagem; Exames Laboratoriais; Internação; Saúde Mental. 

Para saber sobre 

mais serviços, consulte os Hospitais do DF clicando <u>aqui. !</u>",43
**QR CODE**,21,"|**HOSPITAL**|**TELEFONE**|**QR CODE**||
|---|---|---|---|
|Hospital Regional da<br>Asa Norte–HRAN|(61) 3449-<br>4650/4651|||
|Hospital Regional de<br>Brazlândia<br> -HRBZ|(61) 3449-<br>6318/6319|||
|Hospital Regional de<br>Ceilândia<br> -HRC|(61) 3449-<br>6027/6028/6029|||
|Hospital Regional do<br>Gama<br> -HRG|(61) 3449-<br>7152/7153/7154/<br>7155|||
||||ara saer mas|
|Hospital Regional do<br>Guará<br> -HRGu|(61) 3449-<br>4943/4944||,<br>clique nos nomes<br>dos hospitais!|
|Hospital da Região<br>Leste (Paranoá)<br> -<br>HR<br>L|(61) 3449-<br>5213/5214/5215|||
|Hospital Regional de<br>Planaltina<br> -HRPL|(61) 3449-<br>5752/5752|||



















<!-- Start of picture text -->
HOSPITAL TELEFONE QR CODE HOSPITAL TELEFONE QR CODE<br>Hospital Regional de Hospital Regional de (61) 3449-<br>(61) 3449-<br>Samambaia - Santa Maria - HRSM 4650/4651<br>4650/4651<br>HRSAM<br>Hospital Regional de (61) 3449-<br>(61) 3449- Sobradinho - HRS 6810/6811/6812<br>Hospital Regional de<br>6534/6535/6536/<br>Taguatinga - HRT<br>6537<br>Para saber mais,<br>Hospital de Base -<br>(61) 3550-8900<br>HBDF clique nos nomes<br>dos hospitais!<br>Hospital de Apoio (61) 3449-<br>de Brasília - HAB 7522/7523<br>Hospital Materno<br>(61) 3449-<br>Infantil DR. Antônio<br>7573/7574<br>Lisboa – HMIB<br>Hospital da Criança<br>(61) 3025-8350<br>de Brasília - HCB<br>Hospital São Vicente (61) 3449-<br>de Paulo 7788/7789<br><!-- End of picture text -->",127
**FARMÁCIAS E MEDICAMENTOS**,24,,0
**DESCRIÇÃO**,24,,0
**DOCUMENTOS NECESSÁRIOS**,24,"- A Secretaria de Saúde do Distrito Federal dispõe de uma relação de medicamentos que são adquiridos e entregues à população. 

   - CPF, ou 

   - Cartão Nacional do SUS (Cartão SUS). 

   - Receita original (física ou <u>digital) e cópia receita</u> física. 

- Atende o público em geral, são divididas em três tipos: 

   - **<u>Meu SUS digital</u>** <u>.</u> 

- Farmácias das Unidades Básicas 

- de Saúde,",65
**ACESSO**,24,"- Farmácias da atenção 

- secundária (Policlínicas, CAPS e Farmácia Escola), 

   - Para alguns medicamentos é exigida documentação específica. 

- Farmácias do componente 

- especializado (conhecidas como “Farmácias de Alto Custo”).",31
**QR CODE**,24,"- Para saber mais sobre as farmácias, clique <u>aqui.</u>",9
**SERVIÇOS**,25,"- Medicamentos entregues nas farmácias das UBS, consulte <u>aqui.</u> Medicamentos entregues nas Farmácias da Atenção Secundária – Policlínicas, CAPS e Farmácia 

- Escola, consulte aqui. 

- Medicamentos entregues nas farmácias de Alto Custo, consulte <u>aqui.</u> 

- “Relação de Medicamentos do Distrito Federal” (REME-DF), consulte <u>aqui.</u> 

- Estoque Diário de Medicamentos nas Farmácias Especializadas (Alto Custo) – Asa Sul/ Ceilândia/ Gama – (Info Saúde-DF), consulte <u>aqui.</u> Farmácias Vivas – Fitoterápicos, clique <u>aqui.</u>",71
**BANCO DE LEITE HUMANO**,26,,0
**DESCRIÇÃO**,26,"Serviço de referência em amamentação, coleta e distribuição de leite humano para bebês prematuros hospitalizados.",15
**SERVIÇOS**,26,"Orientação em amamentação. Coleta de leite humano. 



**IMPORTANTE** 

Doadora é toda mulher saudável, com excesso de leite disposta a doar voluntariamente. O Banco de Leite em parceria com os Bombeiros realiza coleta no Distrito Federal e entorno.",37
**ACESSO**,26,"Cadastro doadora: Disque 160, opção 4. Site Amamenta Brasília, clique <u>aqui.</u> Telefones Banco de leite humano (BLH), clique <u>aqui.</u>",19
**QR CODE**,26,,0
**ATENÇÃO DOMICILIAR**,27,,0
**DESCRIÇÃO**,27,É uma modalidade de atenção à saúde que complementa e substitui a internação hospitalar.,14
**SERVIÇOS**,27,"- PID (Programa de Internação Domiciliar). 

- POD (Programa de Oxigenoterapia Domiciliar). SAD-AC (Serviço de Atenção Domiciliar de Alta Complexidade).",20
**DOCUMENTOS NECESSÁRIOS**,27,"Documento oficial de identificação com foto. Cartão Nacional do SUS (Cartão SUS). Comprovante de residência e domicílio no DF. Termo de Responsabilidade e Esclarecimento, assinado pelo paciente ou responsável legal. Relatório Médico Atualizado.",33
**ACESSO**,27,,0
**QR CODE**,27,"- Clique <u>aqui, para saber as</u> formas de acesso.",9
**CUIDADOS PALIATIVOS**,28,,0
**DESCRIÇÃO**,28,"É uma “abordagem que melhora a qualidade de vida de pacientes (adultos e crianças) e suas famílias, que enfrentam problemas associados a doenças que ameaçam a vida.",27
**SERVIÇOS**,28,"Avaliações de equipes assistenciais multidisciplinares em cuidados paliativos nos hospitais HAB, HBDF, HRAN, HRC, HRP, HRSAM, HRT para adultos, e HMIB para infantil. Atendimento ambulatorial de pacientes que necessitem de abordagem em Cuidados Paliativos, em especial casos **oncológicos e da medicina fetal** . <u>.</u> Para saber mais clique <u>aqui</u>",49
**DOCUMENTOS NECESSÁRIOS**,28,Documento oficial de identificação com foto. Cartão Nacional do SUS (Cartão SUS).,12
**ACESSO**,28,"Por meio de pedido de parecer de qualquer profissional da equipe assistente do paciente, desde que especificada a demanda.",19
**QR CODE**,28,,0
**DOAÇÃO E TRANSPLANTE DE ÓRGÃOS**,29,,0
**DESCRIÇÃO**,29,"A **Central Estadual de Transplantes do Distrito Federal (CET-DF)** é responsável pela coordenação das atividades de transplantes no âmbito do DF, abrangendo a rede pública e particular de saúde. 

Saiba mais clicando <u>aqui.</u>",33
**ACESSO**,29,Por meio de lista de espera. Saiba mais sobre os dados estatísticos da lista de espera clique aqui.,18
**SERVIÇOS**,29,"- No Distrito Federal são realizados transplantes pelo SUS dos seguintes órgãos e tecidos: _Coração, Rim, Fígado, Córneas e Medula óssea_ .",22
**QR CODE**,29,"- Para acompanhar os transplantes realizados no Distrito Federal clique <u>aqui.</u> 

Para saber sobre doação de órgãos clique <u>aqui.</u>",19
**TERAPIA RENAL SUBSTITUTIVA**,30,,0
**DESCRIÇÃO**,30,"É uma das formas de tratamento para pessoas com falência da função renal, cuja função é remover impurezas e excesso de líquido do sangue.",24
**SERVIÇOS**,30,"- Implantação de cateteres Tenckoff; 

- Treinamento e manutenção de diálise peritoneal automática; ou 

- Treinamento e manutenção de diálise peritoneal ambulatorial contínua; Para saber mais clique <u>aqui.</u>",28
**DOCUMENTOS NECESSÁRIOS**,30,CPF. Cartão Nacional do SUS (Cartão SUS).,7
**ACESSO**,30,- É necessário o encaminhamento da UBS de referência (consulte a sua UBS clicando <u>aqui).</u>,15
**QR CODE**,30,,0
**VIGILÂNCIA EM SAÚDE**,31,,0
**DESCRIÇÃO**,31,"A Vigilância em Saúde trabalha na prevenção, promoção, redução e eliminação dos riscos e agravos à saúde da população. Sua atuação envolve a monitorização contínua da distribuição e tendências das doenças, por meio da coleta, consolidação e avaliação de dados sobre morbidade e mortalidade, além de outros dados relevantes. Também é responsável pela disseminação regular dessas informações para todos que necessitam delas.",62
**ACESSO**,31,"Central 162. Site <u>www.participa.df.gov.br.</u> Presencialmente em quaisquer ouvidorias do Governo do Distrito Federal: de segunda a sexta, das 9h às 12h e das 14h às 17h. 

Denuncie casos de dengue, doenças de animais e outros **QR CODE** problemas coletivo.",39
**VIGILÂNCIA EM SAÚDE**,32,,0
**SERVIÇOS**,32,"- Doenças e agravos, clique <u>aqui.</u> 

- Laboratório Central de 

- Saúde Pública, clique aqui. 

- Rede de vigilância 

- epidemiológica hospitalar (REVEH), clique aqui. 

- Vigilância ambiental, clique <u>aqui.</u> 

- Vigilância epidemiológica, clique <u>aqui.</u> 

- Vigilância em violência, clique <u>aqui.</u> 

- Vigilância em saúde do trabalhador, clique aqui. Vigilância sanitária, clique <u>aqui.</u> 

- Resíduos sólidos, clique <u>aqui.</u>",58
**ÓRTESE E PRÓTESE**,33,,0
**DESCRIÇÃO**,33,"O Núcleo de Produção de Órteses e Próteses (NUPOP) e o Núcleo de Atendimento Ambulatorial de Órteses, Próteses e Materiais Especiais (NAOPME), são responsáveis pela avaliação, acompanhamento e encaminhamento de pacientes para a confecção e fornecimento de órteses, próteses e outros produtos, como cadeiras de rodas, cadeiras de banho, palmilhas, calçados especiais, andadores, bengalas, próteses mamárias e aparelhos de CPAP e BIPAP.",62
**DOCUMENTOS NECESSÁRIOS**,33,Documento com foto. CPF. Cartão Nacional do SUS (Cartão SUS). comprovante de residência laudo médico ou solicitação de profissional da área de saúde.,23
**ACESSO**,33,"O cidadão deve comparecer ao NAOPME com os documentos necessários para realizar o cadastro. Após o cadastro, o paciente passará por uma avaliação e, caso o material esteja disponível, receberá os produtos conforme a ordem de inscrição. **Todos os itens fornecidos são gratuitos** .",44
**QR CODE**,33,,0
**ATENDIMENTO EM LIBRAS**,34,"Entendendo um pouco de Libras! 





Referência: https://professoruesleipaterno.wordpress.com/2021/10/27/passo-1aprender-o-alfabeto-manual-e-os-numeros/",7
**ATENDIMENTO EM LIBRAS**,35,"<!-- Start of picture text -->
Para saber<br>mais, clique no<br>QR Code!<br>QR CODE<br><!-- End of picture text -->

Referência: https://professoruesleipaterno.wordpress.com/2021/10/27/passo1-aprender-o-alfabeto-manual-e-os-numeros/",19
**SECRETARIA DE ESTADO DE SAÚDE DO DISTRITO FEDERAL**,36,"**https://www.saude.df.gov.br/** 

**(61) 3449-4055** 

Setor de Rádio e TV Norte (SRTVN) – 701 Norte – Via W5 Norte, lote D dministração Central – Edifício PO 700 – (1º e 2º andar) 

CEP: 70.719-040",32
